id,first_name,last_name,email,gender,phone
1,Greer,Dougill,gdougill0@fema.gov,Female,973-809-3892
2,Kipper,Attwooll,kattwooll1@google.co.jp,Male,785-360-2216
3,Lilas,Haseley,lhaseley2@facebook.com,Non-binary,189-354-0078
4,Vivie,Oxberry,voxberry3@ebay.co.uk,Male,123-854-0298
5,Aland,Hacker,ahacker4@squarespace.com,Female,930-519-1745
6,Heidie,Currier,hcurrier5@about.com,Female,908-853-2657
7,Maris,Bomfield,mbomfield6@bloomberg.com,Male,795-578-5259
8,Rosalie,Lorryman,rlorryman7@intel.com,Male,327-384-7852
9,Tessy,Douse,tdouse8@csmonitor.com,Female,392-206-3266
10,Kaile,Twitchett,ktwitchett9@hp.com,Male,968-291-6689
11,Cornie,Tommasetti,ctommasettia@yolasite.com,Male,619-272-8383
12,Katya,Musgrave,kmusgraveb@springer.com,Female,152-670-7469
13,Sam,Sydall,ssydallc@cbc.ca,Male,326-731-2749
14,Alfreda,Iianon,aiianond@quantcast.com,Female,440-827-1317
15,Tiebout,Bruck,tbrucke@last.fm,Female,562-712-6810
16,Gerek,Skeath,gskeathf@merriam-webster.com,Male,369-896-0626
17,Tiebold,MacAnellye,tmacanellyeg@ted.com,Male,256-946-5047
18,Brock,Spink,bspinkh@issuu.com,Male,431-547-0179
19,Alleyn,Kaszper,akaszperi@skype.com,Male,665-936-2164
20,Flin,Francescuccio,ffrancescuccioj@hatena.ne.jp,Male,105-323-5466
21,Pattie,Grissett,pgrissettk@themeforest.net,Female,308-431-3563
22,Perle,Bench,pbenchl@g.co,Female,583-409-8801
23,Phyllys,Symones,psymonesm@twitter.com,Non-binary,190-231-7327
24,Letty,Hutsby,lhutsbyn@globo.com,Female,491-131-6162
25,Robbin,Fettis,rfettiso@sakura.ne.jp,Male,746-180-9939
26,Lew,Squirrell,lsquirrellp@odnoklassniki.ru,Female,291-431-8896
27,Dolly,Nicklen,dnicklenq@goodreads.com,Male,274-649-0855
28,Kareem,State,kstater@virginia.edu,Female,112-691-5391
29,Sim,Thorold,sthorolds@prnewswire.com,Male,654-580-7844
30,Adria,Bartrop,abartropt@yale.edu,Female,567-333-9077
31,Reggie,Birks,rbirksu@printfriendly.com,Genderfluid,358-340-4593
32,Carina,Keld,ckeldv@shutterfly.com,Male,417-744-8637
33,Byrom,Cicchillo,bcicchillow@techcrunch.com,Male,812-545-9780
34,Ike,Goward,igowardx@tiny.cc,Female,648-713-4897
35,Druci,Fowkes,dfowkesy@europa.eu,Male,465-621-7686
36,Norina,Bordessa,nbordessaz@wp.com,Male,995-664-3397
37,Gabi,Loughren,gloughren10@icio.us,Bigender,445-225-6768
38,Sheffield,Bramstom,sbramstom11@behance.net,Female,944-727-2055
39,Dilan,MacLese,dmaclese12@phpbb.com,Male,205-128-7527
40,Seamus,Tomet,stomet13@answers.com,Male,702-508-5760
41,Maitilde,Jakubovicz,mjakubovicz14@oakley.com,Male,875-906-7478
42,Allix,Kopman,akopman15@china.com.cn,Female,902-264-8899
43,Miles,Goldney,mgoldney16@hc360.com,Male,435-218-2876
44,Arel,Matashkin,amatashkin17@ca.gov,Male,351-795-3246
45,Tessie,Olivi,tolivi18@hp.com,Female,626-899-5476
46,Odella,Swyer,oswyer19@illinois.edu,Female,840-467-3391
47,Ezmeralda,Keenlyside,ekeenlyside1a@tamu.edu,Female,951-735-9869
48,Nicolina,Lawton,nlawton1b@independent.co.uk,Female,302-189-7609
49,Harrie,Waddingham,hwaddingham1c@newsvine.com,Male,893-604-7445
50,Jerrilee,MacCumeskey,jmaccumeskey1d@shareasale.com,Male,679-468-4161
51,Modesta,Boyan,mboyan1e@harvard.edu,Male,648-159-9734
52,Josselyn,Dewey,jdewey1f@unblog.fr,Female,595-348-9794
53,Thibaud,Fewkes,tfewkes1g@rakuten.co.jp,Female,286-731-6691
54,Heddi,Cresar,hcresar1h@amazon.co.uk,Male,404-734-4627
55,Sue,Carratt,scarratt1i@odnoklassniki.ru,Male,841-225-0836
56,Al,Briar,abriar1j@wsj.com,Male,310-368-8642
57,Vivi,Churchyard,vchurchyard1k@reverbnation.com,Female,518-515-1581
58,Lynea,Graeme,lgraeme1l@state.tx.us,Male,596-863-2485
59,Myrilla,Tillerton,mtillerton1m@intel.com,Polygender,420-355-5015
60,Emmet,Monshall,emonshall1n@booking.com,Female,865-954-4629
61,Mabel,Leyrroyd,mleyrroyd1o@qq.com,Female,274-440-5969
62,Daloris,Vanyarkin,dvanyarkin1p@bloomberg.com,Male,321-466-4657
63,William,Karchewski,wkarchewski1q@amazon.com,Female,221-258-4142
64,Benedict,Allsop,ballsop1r@cbsnews.com,Male,948-949-0935
65,Bessy,Orfeur,borfeur1s@opensource.org,Male,669-416-5770
66,Merry,Emblen,memblen1t@berkeley.edu,Male,382-233-8870
67,Dixie,Curwen,dcurwen1u@army.mil,Female,408-297-1056
68,Clim,Saward,csaward1v@wp.com,Female,583-369-9218
69,Starr,Pennicard,spennicard1w@exblog.jp,Male,739-235-4349
70,Trent,Saladino,tsaladino1x@shinystat.com,Female,261-437-0249
71,Marian,Kibbee,mkibbee1y@lulu.com,Female,628-227-2701
72,Ahmad,McLeod,amcleod1z@technorati.com,Male,388-203-1187
73,Xenia,Watting,xwatting20@redcross.org,Genderqueer,410-668-6313
74,Hart,Cossor,hcossor21@google.co.uk,Female,541-516-4830
75,Giffy,Drayson,gdrayson22@mac.com,Male,495-405-8287
76,Trever,Parkisson,tparkisson23@usda.gov,Female,119-624-6096
77,Patrica,Peinton,ppeinton24@hc360.com,Male,760-881-6983
78,Trix,Hissie,thissie25@google.es,Male,414-536-3302
79,Antonietta,Pealing,apealing26@nba.com,Female,382-168-2421
80,Marris,Torbard,mtorbard27@psu.edu,Female,630-474-2646
81,Griswold,Feltoe,gfeltoe28@seesaa.net,Male,353-942-0849
82,Lee,Mesias,lmesias29@amazon.com,Female,867-457-8730
83,Harv,Guarin,hguarin2a@flavors.me,Male,202-221-3122
84,Ethe,Collyear,ecollyear2b@go.com,Female,249-605-8133
85,Krystal,Barwick,kbarwick2c@accuweather.com,Genderfluid,868-500-4209
86,Opalina,Frowde,ofrowde2d@so-net.ne.jp,Male,867-790-5800
87,Dinny,Castanone,dcastanone2e@csmonitor.com,Male,861-621-3504
88,Symon,Yakovliv,syakovliv2f@netlog.com,Male,484-642-7434
89,Hill,Yuryatin,hyuryatin2g@google.co.jp,Male,758-277-0893
90,Karoly,Rooper,krooper2h@bbc.co.uk,Male,125-642-4815
91,Cheryl,Norvel,cnorvel2i@themeforest.net,Male,246-928-5968
92,Hubie,Korba,hkorba2j@boston.com,Female,771-868-6741
93,Roxine,Lyst,rlyst2k@liveinternet.ru,Female,607-504-4461
94,Richy,Squibbes,rsquibbes2l@discuz.net,Male,446-790-8231
95,Matteo,Loft,mloft2m@elpais.com,Female,650-290-9330
96,Melisse,Van Dijk,mvandijk2n@youtu.be,Female,591-840-5813
97,Hana,Frances,hfrances2o@msn.com,Female,698-855-4795
98,Cathlene,Culbert,cculbert2p@princeton.edu,Male,130-431-3128
99,Vincenz,Beeze,vbeeze2q@guardian.co.uk,Female,959-561-4229
100,Aeriell,Hurche,ahurche2r@tinyurl.com,Genderqueer,916-536-0286
101,Fritz,Salmon,fsalmon2s@woothemes.com,Male,347-964-8186
102,Devora,Andrick,dandrick2t@comsenz.com,Genderfluid,725-540-6701
103,Liane,Backshill,lbackshill2u@economist.com,Female,137-377-8787
104,Townsend,Loffill,tloffill2v@ucla.edu,Male,693-132-3880
105,Katrinka,Edds,kedds2w@apache.org,Bigender,182-123-7379
106,Lulu,Beart,lbeart2x@goo.gl,Male,338-929-6113
107,Dorthy,Rosi,drosi2y@live.com,Female,574-381-6206
108,Margaret,Crommett,mcrommett2z@mozilla.com,Female,204-813-9327
109,Sisely,Verman,sverman30@si.edu,Polygender,388-304-9533
110,Lek,Benois,lbenois31@wikia.com,Male,507-592-4882
111,Theobald,Mitkcov,tmitkcov32@ameblo.jp,Female,661-242-6312
112,Brendon,Cumberledge,bcumberledge33@prweb.com,Male,736-447-6470
113,Domingo,MacFarlane,dmacfarlane34@hexun.com,Male,685-870-3424
114,Nicolle,Simony,nsimony35@google.com.hk,Female,285-696-9266
115,Etienne,Matts,ematts36@dyndns.org,Female,105-796-0888
116,Felicity,Reekie,freekie37@uol.com.br,Female,873-349-4616
117,Jimmie,Francklin,jfrancklin38@auda.org.au,Female,399-113-3980
118,Murray,Koppes,mkoppes39@soup.io,Male,146-874-8578
119,Consuela,Pattingson,cpattingson3a@booking.com,Female,681-803-9188
120,Risa,Dare,rdare3b@pinterest.com,Genderqueer,182-519-5390
121,Kathryne,MacCaughey,kmaccaughey3c@pcworld.com,Female,907-143-1106
122,Malissia,Folkerd,mfolkerd3d@ca.gov,Male,570-483-2597
123,Carolus,Chatin,cchatin3e@cnet.com,Polygender,275-835-8880
124,Eudora,Cammacke,ecammacke3f@paginegialle.it,Male,458-910-6698
125,Frank,Lancaster,flancaster3g@sogou.com,Female,113-180-6781
126,Mureil,Mac Giany,mmacgiany3h@123-reg.co.uk,Female,803-204-6300
127,Davin,Cleator,dcleator3i@ucoz.ru,Male,148-885-1611
128,Archie,Sunner,asunner3j@drupal.org,Male,520-422-3141
129,Mike,Kitchener,mkitchener3k@jugem.jp,Male,873-781-6849
130,Lucilia,Woollends,lwoollends3l@ycombinator.com,Female,639-699-8542
131,Brenna,Carrack,bcarrack3m@irs.gov,Female,950-632-7208
132,Hildagarde,Webb,hwebb3n@bloomberg.com,Male,120-387-4230
133,Cornelle,Haxell,chaxell3o@hc360.com,Female,970-575-7488
134,Corenda,Cathrall,ccathrall3p@virginia.edu,Female,877-925-2790
135,Ingemar,Pietrasik,ipietrasik3q@about.com,Female,221-713-2382
136,Kellsie,Drain,kdrain3r@berkeley.edu,Female,803-734-1751
137,Isaac,Neicho,ineicho3s@prweb.com,Male,668-412-6560
138,Fern,Huddle,fhuddle3t@stumbleupon.com,Female,940-529-3231
139,Alfi,Gillhespy,agillhespy3u@icq.com,Female,319-759-0151
140,Clementine,Lordon,clordon3v@usatoday.com,Female,226-931-0923
141,Odessa,Aronowicz,oaronowicz3w@usatoday.com,Female,270-625-1675
142,Josie,Vigors,jvigors3x@sohu.com,Male,599-107-7098
143,Ginelle,Pyett,gpyett3y@scribd.com,Female,757-453-3196
144,Marty,Wrangle,mwrangle3z@geocities.jp,Bigender,730-326-9396
145,Xymenes,Hardiman,xhardiman40@toplist.cz,Male,972-164-4472
146,Abba,Flitcroft,aflitcroft41@icq.com,Female,915-346-7611
147,Wyatt,Simmill,wsimmill42@gizmodo.com,Female,125-703-5151
148,Nerta,Sambells,nsambells43@omniture.com,Male,434-195-9893
149,Melisande,Levane,mlevane44@1und1.de,Female,378-822-0297
150,Wynn,Dionisii,wdionisii45@about.me,Bigender,880-232-3244
151,Dniren,Devon,ddevon46@epa.gov,Female,368-334-3736
152,Pacorro,Cushelly,pcushelly47@nba.com,Male,948-746-1698
153,Nelli,Follacaro,nfollacaro48@technorati.com,Female,571-176-9897
154,Klaus,Seczyk,kseczyk49@google.com.au,Female,958-883-9866
155,Osmond,Cawsey,ocawsey4a@spiegel.de,Male,224-465-9953
156,Sara-ann,Verzey,sverzey4b@seesaa.net,Male,835-957-7439
157,Merry,Rudd,mrudd4c@wsj.com,Male,308-618-7578
158,Trenna,Mepsted,tmepsted4d@mail.ru,Female,229-844-0766
159,Sybil,Shieber,sshieber4e@ox.ac.uk,Male,519-521-2492
160,Harcourt,Gorden,hgorden4f@ebay.co.uk,Male,118-984-0147
161,Idaline,Willman,iwillman4g@japanpost.jp,Polygender,736-106-8047
162,Carney,McClancy,cmcclancy4h@hao123.com,Female,374-780-0624
163,Burch,Nials,bnials4i@fda.gov,Male,304-924-5166
164,Maxy,Trickey,mtrickey4j@yelp.com,Polygender,214-701-6626
165,Tish,Pryde,tpryde4k@w3.org,Male,611-161-4076
166,Winifield,Beavan,wbeavan4l@howstuffworks.com,Female,754-435-8748
167,Inna,Egell,iegell4m@goo.gl,Male,462-667-7891
168,Thibaud,Spearing,tspearing4n@livejournal.com,Male,158-724-4891
169,Bondie,Hounihan,bhounihan4o@bbc.co.uk,Male,141-490-2218
170,Nehemiah,Boig,nboig4p@about.com,Male,971-662-2207
171,Titos,Blasius,tblasius4q@jigsy.com,Male,896-999-7637
172,Regan,Grisenthwaite,rgrisenthwaite4r@geocities.com,Male,618-922-5369
173,Diane,Sweet,dsweet4s@github.com,Female,139-569-7382
174,Alexine,Wittrington,awittrington4t@umn.edu,Male,980-137-7905
175,Margot,Hastler,mhastler4u@va.gov,Male,294-124-8133
176,Golda,Stroton,gstroton4v@vkontakte.ru,Male,464-600-2833
177,Agnesse,Egdale,aegdale4w@jiathis.com,Female,792-389-1200
178,Adamo,Dawkes,adawkes4x@state.tx.us,Female,763-833-6306
179,Gabe,Boules,gboules4y@java.com,Female,672-921-3095
180,Mattias,Myford,mmyford4z@baidu.com,Female,298-490-5005
181,Land,Sheryn,lsheryn50@ed.gov,Polygender,108-899-6995
182,Page,Matusson,pmatusson51@altervista.org,Female,419-496-3406
183,Darci,Spoors,dspoors52@gizmodo.com,Male,783-725-4179
184,Nico,Radbone,nradbone53@barnesandnoble.com,Male,193-458-2496
185,Keeley,Gehringer,kgehringer54@chronoengine.com,Male,431-161-7335
186,Vernor,Threadkell,vthreadkell55@myspace.com,Female,646-942-9224
187,Rogers,Cabane,rcabane56@reuters.com,Polygender,795-493-2420
188,Pammy,Hardman,phardman57@phoca.cz,Female,689-105-3181
189,Myrtie,Pideon,mpideon58@marketwatch.com,Male,847-426-6743
190,Nady,McGeffen,nmcgeffen59@auda.org.au,Male,840-310-7461
191,Cazzie,Rubenczyk,crubenczyk5a@harvard.edu,Female,627-468-1159
192,Milka,Densie,mdensie5b@is.gd,Male,677-683-9244
193,Thebault,Deuss,tdeuss5c@chron.com,Female,908-838-8809
194,Lark,Ashbrook,lashbrook5d@usda.gov,Male,762-156-9074
195,Remus,Hegge,rhegge5e@prlog.org,Male,592-145-0121
196,Dewitt,Edleston,dedleston5f@hubpages.com,Female,336-355-3232
197,Lou,Blaschek,lblaschek5g@privacy.gov.au,Female,910-521-7090
198,Travus,Beri,tberi5h@jalbum.net,Female,826-898-4585
199,Hynda,Atrill,hatrill5i@blogger.com,Female,369-569-8564
200,Jorey,Rollins,jrollins5j@uiuc.edu,Female,132-364-7907
201,Joan,McGuinley,jmcguinley5k@google.it,Male,600-307-9654
202,Vanni,Drysdall,vdrysdall5l@plala.or.jp,Female,134-122-2537
203,Roger,Charopen,rcharopen5m@freewebs.com,Male,969-911-5891
204,Remus,Skeates,rskeates5n@mayoclinic.com,Female,885-236-7831
205,Goddart,Sainthill,gsainthill5o@godaddy.com,Female,726-813-0118
206,Shandee,Challicum,schallicum5p@ca.gov,Female,980-677-6580
207,Bernadina,Westgarth,bwestgarth5q@princeton.edu,Female,346-651-4475
208,Reinold,Dilliston,rdilliston5r@umn.edu,Female,567-121-3677
209,Shellysheldon,McPhelim,smcphelim5s@nsw.gov.au,Bigender,241-549-3644
210,Mallory,Meininking,mmeininking5t@hubpages.com,Female,143-461-7971
211,Adina,MacSkeaghan,amacskeaghan5u@google.it,Male,183-961-3404
212,Glen,Loadsman,gloadsman5v@vimeo.com,Male,924-200-0204
213,Zsazsa,Elmer,zelmer5w@over-blog.com,Female,261-503-0990
214,Shirley,Lead,slead5x@networkadvertising.org,Male,246-612-5903
215,Justine,Tunaclift,jtunaclift5y@elpais.com,Male,550-480-6526
216,Jermayne,Attwool,jattwool5z@tiny.cc,Male,858-381-7822
217,Terra,Rickersey,trickersey60@51.la,Male,163-299-8335
218,Jody,Camings,jcamings61@tripadvisor.com,Female,920-693-0908
219,Correy,Jouhning,cjouhning62@businessinsider.com,Genderfluid,982-770-7800
220,Terry,Edgcombe,tedgcombe63@trellian.com,Male,190-942-9683
221,Cass,Guild,cguild64@slate.com,Female,837-483-0378
222,Willem,Truter,wtruter65@google.pl,Female,537-333-0490
223,Sarajane,Ratley,sratley66@meetup.com,Male,213-243-8213
224,Northrop,Deboy,ndeboy67@1und1.de,Male,617-237-9291
225,Barbra,Quilligan,bquilligan68@meetup.com,Female,662-824-1969
226,Carly,Seth,cseth69@joomla.org,Male,380-524-9864
227,Dorree,Mundwell,dmundwell6a@squarespace.com,Female,770-334-8469
228,Alonso,Lammertz,alammertz6b@guardian.co.uk,Female,895-331-4497
229,Willy,Silverlock,wsilverlock6c@bloomberg.com,Female,753-364-4174
230,Corinne,Wiltshaw,cwiltshaw6d@over-blog.com,Male,833-630-4788
231,Xymenes,O'Lennachain,xolennachain6e@pen.io,Female,732-189-3780
232,Sherline,Badland,sbadland6f@fema.gov,Male,141-961-7418
233,Matthus,Pope,mpope6g@mysql.com,Male,206-438-2987
234,Nathalia,Woltman,nwoltman6h@bigcartel.com,Male,199-627-3708
235,Dixie,Danick,ddanick6i@dmoz.org,Male,168-970-5460
236,Gay,McCullagh,gmccullagh6j@elpais.com,Male,694-770-5245
237,Fredrick,Petherick,fpetherick6k@nytimes.com,Female,334-649-6570
238,Davine,Tale,dtale6l@wikipedia.org,Male,853-509-7848
239,Gerard,Fludder,gfludder6m@abc.net.au,Male,574-253-0564
240,Winifield,Hardman,whardman6n@gov.uk,Female,936-589-0419
241,Der,Hanmore,dhanmore6o@zimbio.com,Female,268-482-4216
242,Morley,Harlow,mharlow6p@gnu.org,Male,786-190-9073
243,Yoshi,Wheildon,ywheildon6q@wiley.com,Female,657-111-1688
244,Sigismondo,Diamond,sdiamond6r@bluehost.com,Male,440-999-1679
245,Merla,Hallas,mhallas6s@cbslocal.com,Genderfluid,485-965-6110
246,Carmita,Pepineaux,cpepineaux6t@mit.edu,Female,758-226-3102
247,Tresa,Spalls,tspalls6u@pinterest.com,Female,278-827-7947
248,Calv,Collyear,ccollyear6v@wikipedia.org,Male,542-679-0561
249,Ogdan,Piccop,opiccop6w@soup.io,Female,672-979-5861
250,Daren,Duckhouse,dduckhouse6x@ucsd.edu,Male,211-825-4942
251,Fremont,Coutthart,fcoutthart6y@ow.ly,Genderqueer,744-669-7905
252,Immanuel,Van der Beken,ivanderbeken6z@imdb.com,Female,390-429-2784
253,Emlen,Chatenier,echatenier70@blog.com,Female,517-460-9478
254,Elsi,Whatman,ewhatman71@issuu.com,Polygender,265-185-4222
255,Francesca,Bodega,fbodega72@gizmodo.com,Male,670-724-9403
256,Quillan,Robbe,qrobbe73@apache.org,Female,965-550-4667
257,Finley,Troth,ftroth74@cargocollective.com,Male,172-392-4488
258,Simonette,Plumstead,splumstead75@nyu.edu,Male,369-985-1958
259,Orly,Comberbach,ocomberbach76@alexa.com,Male,336-729-3829
260,Ester,Battye,ebattye77@biblegateway.com,Male,362-648-3812
261,Temple,Fricke,tfricke78@newsvine.com,Male,758-539-0211
262,Eddy,Gawthrope,egawthrope79@google.co.uk,Female,560-668-6998
263,Anneliese,Daniell,adaniell7a@fda.gov,Male,430-725-2606
264,Astrix,Petti,apetti7b@meetup.com,Male,316-811-2305
265,Laurent,Laudham,llaudham7c@delicious.com,Female,894-564-7384
266,Tabby,Vogeler,tvogeler7d@washingtonpost.com,Female,587-182-5386
267,Maisey,Getcliffe,mgetcliffe7e@msn.com,Male,417-286-9219
268,Gerick,Ovell,govell7f@usda.gov,Bigender,842-761-7950
269,Dannye,Farfalameev,dfarfalameev7g@soundcloud.com,Genderfluid,513-218-8086
270,Genni,Battlestone,gbattlestone7h@mysql.com,Female,585-665-2496
271,Roobbie,Giblin,rgiblin7i@discuz.net,Male,646-541-1493
272,Ashlie,Bothe,abothe7j@statcounter.com,Female,548-986-8597
273,Fernanda,Padwick,fpadwick7k@about.com,Bigender,810-571-2121
274,April,Woolerton,awoolerton7l@hao123.com,Female,165-946-9830
275,Rodrick,Signorelli,rsignorelli7m@icio.us,Female,235-745-0387
276,Cori,Bathoe,cbathoe7n@weibo.com,Male,821-967-1752
277,Jilleen,Endicott,jendicott7o@biblegateway.com,Female,544-980-4021
278,Chicky,Bednell,cbednell7p@w3.org,Male,361-131-3921
279,Meridel,Craft,mcraft7q@flavors.me,Male,318-537-8374
280,Catherina,Norvill,cnorvill7r@skyrock.com,Male,922-546-0995
281,Vail,Prantl,vprantl7s@parallels.com,Female,518-447-8339
282,Ruthann,Goning,rgoning7t@bloglovin.com,Female,876-737-5676
283,Kristal,Chatteris,kchatteris7u@t.co,Female,844-323-5037
284,Vachel,Essel,vessel7v@arstechnica.com,Male,654-692-0343
285,Johnathon,Soppitt,jsoppitt7w@storify.com,Male,347-457-0911
286,Emma,Searston,esearston7x@simplemachines.org,Male,977-352-5605
287,Quincy,Gingles,qgingles7y@youku.com,Female,456-858-8995
288,Brandais,Skehens,bskehens7z@gmpg.org,Male,488-386-7808
289,Lionel,Pepineaux,lpepineaux80@infoseek.co.jp,Female,243-653-5236
290,Carilyn,Bonhomme,cbonhomme81@mediafire.com,Male,194-241-0897
291,Dulcine,Dakhno,ddakhno82@reddit.com,Male,576-620-1668
292,Bryant,Shere,bshere83@census.gov,Female,417-395-4959
293,Corinna,Novik,cnovik84@tinypic.com,Male,300-676-3638
294,Cash,Fullman,cfullman85@kickstarter.com,Female,497-242-5041
295,Ruthi,Bollans,rbollans86@sohu.com,Male,622-696-3144
296,Job,Feek,jfeek87@alibaba.com,Male,399-316-8816
297,Karine,Ridewood,kridewood88@symantec.com,Male,873-459-4807
298,Nancie,Givens,ngivens89@paypal.com,Male,732-119-9389
299,Arny,Dunnet,adunnet8a@yolasite.com,Female,905-693-1161
300,Holly-anne,Nichols,hnichols8b@independent.co.uk,Male,999-491-8171
301,Mirabelle,Antrim,mantrim8c@xrea.com,Female,556-299-3393
302,Harris,Kelsall,hkelsall8d@smh.com.au,Female,680-152-5396
303,Brita,Potticary,bpotticary8e@feedburner.com,Female,404-698-0002
304,Carolynn,Yankeev,cyankeev8f@cbslocal.com,Female,977-859-2742
305,Moyna,Gotecliffe,mgotecliffe8g@artisteer.com,Female,850-501-9666
306,Chicky,Inold,cinold8h@usa.gov,Female,447-659-1933
307,Jess,Penrose,jpenrose8i@ca.gov,Female,987-772-4895
308,Damara,Tures,dtures8j@pcworld.com,Male,785-141-9502
309,Lon,Walework,lwalework8k@weibo.com,Male,102-262-1961
310,Friedrick,Moodey,fmoodey8l@elegantthemes.com,Non-binary,396-912-8280
311,Chandler,Torfin,ctorfin8m@redcross.org,Male,503-459-2183
312,Bryon,Moulin,bmoulin8n@privacy.gov.au,Polygender,631-659-3660
313,Gilda,Yurenev,gyurenev8o@amazon.de,Female,787-736-2346
314,Jeffry,Poll,jpoll8p@archive.org,Male,633-426-8272
315,Zaneta,Bedminster,zbedminster8q@blogger.com,Male,445-486-3450
316,Mil,O'Dowgaine,modowgaine8r@disqus.com,Female,463-966-0826
317,Ambros,Fluck,afluck8s@senate.gov,Male,584-336-9479
318,Barbra,Gives,bgives8t@google.com.hk,Male,631-926-0514
319,Heather,Mourbey,hmourbey8u@huffingtonpost.com,Female,431-723-0766
320,Caz,Whittington,cwhittington8v@tmall.com,Genderqueer,120-681-0785
321,Flynn,Leighfield,fleighfield8w@cbslocal.com,Female,244-764-2181
322,Cross,Messitt,cmessitt8x@indiegogo.com,Bigender,824-546-4840
323,Kissie,Lodwig,klodwig8y@amazon.co.uk,Female,367-303-7157
324,Darb,Radley,dradley8z@1und1.de,Male,434-389-1691
325,Rosanna,Stubbings,rstubbings90@va.gov,Male,704-115-9567
326,Ada,Belfitt,abelfitt91@yelp.com,Male,169-986-9236
327,Alie,Rooke,arooke92@scientificamerican.com,Female,327-644-8446
328,Alon,Bech,abech93@deviantart.com,Agender,414-470-4593
329,Rosalyn,Robichon,rrobichon94@amazon.co.jp,Male,207-848-2240
330,Ninetta,Llewhellin,nllewhellin95@icq.com,Female,224-594-5793
331,Trumaine,Styche,tstyche96@ox.ac.uk,Female,721-921-8377
332,Cristi,Shutt,cshutt97@vkontakte.ru,Male,601-128-0914
333,Ross,Hugett,rhugett98@constantcontact.com,Female,871-576-0489
334,Helenelizabeth,Bezemer,hbezemer99@delicious.com,Female,886-412-6779
335,Jenn,Kohnen,jkohnen9a@go.com,Male,309-334-5819
336,Welby,Ickovic,wickovic9b@hao123.com,Female,839-469-3977
337,Hortense,MacGaughie,hmacgaughie9c@simplemachines.org,Male,977-954-3911
338,Shelly,Poile,spoile9d@bravesites.com,Male,379-626-7424
339,Odette,Bew,obew9e@berkeley.edu,Male,915-572-8111
340,Stanfield,Lettsom,slettsom9f@jiathis.com,Male,800-728-2995
341,Neville,Kerrane,nkerrane9g@mlb.com,Female,497-701-9008
342,Ced,Cuncarr,ccuncarr9h@artisteer.com,Male,617-957-9342
343,Margo,Delagua,mdelagua9i@shinystat.com,Male,112-577-4534
344,Eleanora,Gile,egile9j@biblegateway.com,Female,659-998-0688
345,Natka,Ourtic,nourtic9k@reverbnation.com,Female,571-420-2816
346,Basilius,Kervin,bkervin9l@ft.com,Female,180-852-3683
347,Tucker,Bazire,tbazire9m@yellowpages.com,Female,178-206-1876
348,Conny,Burburough,cburburough9n@godaddy.com,Male,360-213-5478
349,Christa,Barnshaw,cbarnshaw9o@cocolog-nifty.com,Polygender,638-678-4797
350,Arabelle,Featherston,afeatherston9p@constantcontact.com,Female,753-503-7127
351,Abrahan,Dimmer,adimmer9q@bravesites.com,Female,776-978-8041
352,Orelia,Curtoys,ocurtoys9r@1und1.de,Male,813-609-6142
353,Timothea,Tavener,ttavener9s@drupal.org,Female,366-801-6739
354,Maryrose,Godber,mgodber9t@dailymail.co.uk,Male,632-783-4302
355,Alec,Camoys,acamoys9u@bbb.org,Male,509-131-2321
356,Gherardo,Haquard,ghaquard9v@pbs.org,Male,164-713-4275
357,Enos,Frazer,efrazer9w@google.com.au,Male,771-878-0730
358,Alyce,Pires,apires9x@dailymail.co.uk,Male,147-274-5161
359,Blythe,Danelut,bdanelut9y@acquirethisname.com,Male,409-367-9043
360,Shannon,Dilawey,sdilawey9z@icq.com,Male,299-851-6412
361,Octavia,Pimerick,opimericka0@webnode.com,Male,646-682-6496
362,Gilberte,Summerside,gsummersidea1@fema.gov,Male,437-124-3592
363,Irwin,Lafflina,ilafflinaa2@flavors.me,Female,426-952-0237
364,Josy,Iveans,jiveansa3@constantcontact.com,Female,534-150-6011
365,Hannie,Cansdill,hcansdilla4@howstuffworks.com,Female,783-396-1733
366,Trenton,Wabey,twabeya5@quantcast.com,Male,923-748-6726
367,Gretal,Morteo,gmorteoa6@shinystat.com,Male,182-818-4148
368,Marcella,Norgan,mnorgana7@go.com,Female,524-449-1483
369,Marjy,Davenell,mdavenella8@prlog.org,Male,721-396-4107
370,Roselin,Sisnett,rsisnetta9@hatena.ne.jp,Male,647-407-1679
371,Demott,Mateu,dmateuaa@simplemachines.org,Male,590-688-9742
372,Wilhelmine,Jonczyk,wjonczykab@va.gov,Female,476-987-3914
373,Nanette,Pilfold,npilfoldac@jigsy.com,Female,350-893-7463
374,Feodor,McPhillimey,fmcphillimeyad@salon.com,Female,989-310-4979
375,Katrinka,Kruse,kkruseae@reddit.com,Male,817-737-5737
376,Clo,Petroselli,cpetroselliaf@sina.com.cn,Female,990-519-4991
377,Polly,Kimpton,pkimptonag@princeton.edu,Genderqueer,937-457-3815
378,Etienne,Gaine,egaineah@ask.com,Male,533-628-7140
379,Isidora,Stopp,istoppai@google.ru,Female,909-491-1815
380,Kirby,Battabee,kbattabeeaj@admin.ch,Male,384-517-2478
381,Jermayne,Kirk,jkirkak@unc.edu,Male,312-430-9843
382,Melamie,Frankiss,mfrankissal@fc2.com,Male,539-957-1713
383,Skyler,Roderham,sroderhamam@issuu.com,Male,567-660-5914
384,Rollin,Croad,rcroadan@php.net,Female,900-784-3136
385,Anderson,Carabet,acarabetao@biblegateway.com,Female,936-509-5027
386,Emmery,Iskov,eiskovap@naver.com,Polygender,965-306-1718
387,Hermia,Mieville,hmievilleaq@state.tx.us,Female,818-101-1389
388,Theobald,Goodyear,tgoodyearar@eepurl.com,Male,202-390-1811
389,Goraud,Skuce,gskuceas@fc2.com,Female,445-481-4681
390,Kirsti,Van Zon,kvanzonat@xing.com,Male,412-724-3240
391,Holmes,Passey,hpasseyau@tinypic.com,Female,813-240-7087
392,Ollie,Minithorpe,ominithorpeav@alexa.com,Male,357-902-2519
393,Augustine,Harkin,aharkinaw@livejournal.com,Female,594-718-4375
394,Nerissa,Ballance,nballanceax@discuz.net,Male,730-413-1788
395,Barny,Folca,bfolcaay@cdc.gov,Male,806-798-9630
396,Bartholomeus,Snawdon,bsnawdonaz@ezinearticles.com,Male,174-144-8958
397,Noah,Wrighton,nwrightonb0@merriam-webster.com,Male,713-751-4300
398,Rochester,Cordero,rcorderob1@rambler.ru,Female,661-678-7231
399,Dyann,Fforde,dffordeb2@examiner.com,Male,636-239-2029
400,Roddie,Birkin,rbirkinb3@histats.com,Male,998-900-6907
401,Vasili,Kohrt,vkohrtb4@nasa.gov,Female,851-669-1825
402,Sherwynd,Dickenson,sdickensonb5@npr.org,Female,402-858-1127
403,Myrtie,McGurk,mmcgurkb6@google.cn,Female,848-803-8458
404,Whit,Garlee,wgarleeb7@sitemeter.com,Female,236-388-1362
405,Ashla,Shotter,ashotterb8@last.fm,Female,102-620-0455
406,Savina,Bruyns,sbruynsb9@bigcartel.com,Agender,748-512-4952
407,Romola,Doncaster,rdoncasterba@whitehouse.gov,Female,406-399-2959
408,Huntington,Brecken,hbreckenbb@google.nl,Male,307-445-6875
409,Clement,Janecki,cjaneckibc@hostgator.com,Male,585-298-9378
410,Esdras,Aspin,easpinbd@wikia.com,Male,265-486-0764
411,Kelcie,Thominga,kthomingabe@naver.com,Female,444-350-7768
412,Antoni,Clague,aclaguebf@marriott.com,Genderqueer,441-596-2855
413,Merla,Whitechurch,mwhitechurchbg@issuu.com,Female,488-256-5434
414,Waverly,Knolles-Green,wknollesgreenbh@cam.ac.uk,Genderfluid,469-376-1615
415,Lavina,Sterrie,lsterriebi@guardian.co.uk,Female,723-547-3073
416,Cathie,Venmore,cvenmorebj@oaic.gov.au,Female,899-617-3294
417,Corina,Iggulden,cigguldenbk@cbsnews.com,Male,409-231-9552
418,Florella,Innocenti,finnocentibl@apache.org,Polygender,511-223-8246
419,Ganny,Glauber,gglauberbm@dion.ne.jp,Female,690-935-0463
420,Hamlin,Semarke,hsemarkebn@arizona.edu,Male,682-808-3449
421,Morena,Poplee,mpopleebo@rediff.com,Male,815-817-1218
422,Avram,Garner,agarnerbp@amazon.de,Genderqueer,380-516-7951
423,Berni,Dunthorn,bdunthornbq@illinois.edu,Female,456-420-2975
424,Bennett,Ricioppo,bricioppobr@so-net.ne.jp,Female,370-749-6807
425,Ignace,Perrottet,iperrottetbs@ihg.com,Male,692-259-7718
426,Mindy,Troyes,mtroyesbt@huffingtonpost.com,Genderqueer,394-441-4136
427,Corbie,Itscowicz,citscowiczbu@nature.com,Male,697-123-1204
428,Jesselyn,Paulsen,jpaulsenbv@github.com,Male,118-297-0793
429,Nate,Bossingham,nbossinghambw@weather.com,Female,117-582-8757
430,Jarred,Cattenach,jcattenachbx@msu.edu,Female,771-924-5305
431,Jocelin,Selcraig,jselcraigby@ustream.tv,Male,577-134-3961
432,Kip,Leyden,kleydenbz@apache.org,Female,493-726-6596
433,Jelene,Child,jchildc0@boston.com,Female,825-528-0091
434,Chalmers,Di Giacomettino,cdigiacomettinoc1@redcross.org,Male,682-822-8101
435,Everard,Marques,emarquesc2@homestead.com,Male,295-128-3447
436,Carolann,Goodley,cgoodleyc3@chronoengine.com,Female,223-340-9173
437,Karlyn,Perch,kperchc4@ocn.ne.jp,Genderqueer,615-743-9864
438,Park,Rapier,prapierc5@yellowbook.com,Male,408-851-8697
439,Mandel,Coult,mcoultc6@hostgator.com,Male,478-650-8587
440,Benedict,Ivimey,bivimeyc7@usgs.gov,Female,112-876-7854
441,Heddie,Macer,hmacerc8@microsoft.com,Male,433-494-1417
442,Edythe,Willacot,ewillacotc9@newsvine.com,Female,958-758-0724
443,Fancie,Tansley,ftansleyca@netlog.com,Female,460-438-5106
444,Herbie,Rhule,hrhulecb@addthis.com,Female,182-423-9156
445,Amelie,Cannaway,acannawaycc@chron.com,Male,617-322-4805
446,Charla,Riepl,crieplcd@ucsd.edu,Male,129-506-6073
447,Ranee,Nevill,rnevillce@ucoz.com,Male,420-858-1735
448,Abagael,Arrighini,aarrighinicf@ovh.net,Female,286-765-5934
449,Pablo,Annatt,pannattcg@over-blog.com,Female,238-780-4832
450,Nevil,Baggally,nbaggallych@skype.com,Female,837-815-2623
451,Hedwig,Franken,hfrankenci@facebook.com,Female,182-335-9061
452,Conny,Manterfield,cmanterfieldcj@examiner.com,Male,874-136-1634
453,Earl,Cuss,ecussck@indiatimes.com,Male,470-647-3416
454,Burgess,Looker,blookercl@omniture.com,Female,391-190-8121
455,Mirelle,Younghusband,myounghusbandcm@furl.net,Female,590-587-9641
456,Karyn,Otteridge,kotteridgecn@cisco.com,Agender,705-888-5848
457,Ruy,Glenton,rglentonco@earthlink.net,Female,480-654-0453
458,Gae,Wilcocke,gwilcockecp@comsenz.com,Male,652-861-2838
459,Demott,Baumadier,dbaumadiercq@acquirethisname.com,Female,560-250-4227
460,Mozelle,Salkeld,msalkeldcr@blog.com,Female,324-102-4695
461,Raina,Thorley,rthorleycs@sciencedaily.com,Male,951-822-9630
462,Isidora,Ackhurst,iackhurstct@seattletimes.com,Male,518-977-0879
463,William,McCluskey,wmccluskeycu@4shared.com,Male,754-663-9352
464,Anthia,Hasley,ahasleycv@weebly.com,Male,293-641-8756
465,Rafferty,Kennicott,rkennicottcw@sohu.com,Female,172-939-9224
466,Brett,Blythe,bblythecx@ed.gov,Female,257-867-2312
467,Cchaddie,Simonou,csimonoucy@xinhuanet.com,Male,297-839-9560
468,Rosalind,Rama,rramacz@networksolutions.com,Female,756-712-3148
469,Tommy,Eden,tedend0@slashdot.org,Non-binary,847-900-8812
470,Quinn,Doggart,qdoggartd1@spotify.com,Male,765-554-4259
471,Gaye,Chestnut,gchestnutd2@tinyurl.com,Female,788-116-7545
472,Judon,McIlwraith,jmcilwraithd3@blog.com,Female,558-120-6534
473,Laurena,Cambridge,lcambridged4@amazon.com,Male,587-731-7656
474,Hephzibah,Pfeiffer,hpfeifferd5@google.com.hk,Female,361-843-9396
475,Darren,Domnick,ddomnickd6@archive.org,Male,873-969-4329
476,Glynnis,Genders,ggendersd7@sphinn.com,Female,907-492-9483
477,Anjanette,Farady,afaradyd8@usda.gov,Female,720-519-1542
478,Blakeley,Hakonsen,bhakonsend9@arstechnica.com,Female,821-836-6802
479,Charles,Baiss,cbaissda@free.fr,Male,437-142-4057
480,Opaline,Lundon,olundondb@gravatar.com,Female,515-173-4061
481,Chelsie,Wickett,cwickettdc@marketwatch.com,Male,656-594-6042
482,Lenci,Lowdyane,llowdyanedd@google.ru,Non-binary,361-581-6621
483,Trish,Pisculli,tpiscullide@amazon.com,Female,496-698-8987
484,Erminia,Rumming,erummingdf@europa.eu,Female,933-446-5573
485,John,Jimenez,jjimenezdg@yellowpages.com,Male,860-793-4996
486,Leelah,Treverton,ltrevertondh@woothemes.com,Female,610-406-4271
487,Patty,Goodbody,pgoodbodydi@github.io,Female,282-912-4171
488,Latisha,Margach,lmargachdj@answers.com,Female,501-842-6708
489,Carroll,Hearns,chearnsdk@dion.ne.jp,Male,960-215-0740
490,Ellary,Jotcham,ejotchamdl@auda.org.au,Female,696-716-8445
491,Ree,Mustoe,rmustoedm@shinystat.com,Male,969-583-4060
492,Jeromy,Sweetzer,jsweetzerdn@auda.org.au,Male,392-765-4033
493,Remy,Sattin,rsattindo@irs.gov,Male,429-117-0739
494,Yanaton,Farebrother,yfarebrotherdp@samsung.com,Agender,807-247-7279
495,Coriss,Leverentz,cleverentzdq@springer.com,Agender,496-758-0529
496,Rodolfo,McCaughey,rmccaugheydr@earthlink.net,Female,750-940-8728
497,Catina,Dodding,cdoddingds@tripadvisor.com,Genderqueer,940-149-9527
498,Loria,Raysdale,lraysdaledt@theglobeandmail.com,Genderqueer,867-257-8292
499,Inger,Orgel,iorgeldu@forbes.com,Male,742-192-2734
500,Meyer,Schout,mschoutdv@instagram.com,Female,721-856-5643
501,Cordi,Deverall,cdeveralldw@fema.gov,Female,822-588-2834
502,Marthe,Vasenin,mvasenindx@pinterest.com,Female,564-505-9809
503,Odo,Dwire,odwiredy@twitter.com,Female,615-768-2889
504,Sawyer,O'Donnell,sodonnelldz@google.co.jp,Male,782-644-4364
505,Daffy,Santino,dsantinoe0@list-manage.com,Female,270-270-9047
506,Ginger,Hardinge,ghardingee1@merriam-webster.com,Female,390-717-6038
507,Stearn,Mallya,smallyae2@ebay.com,Female,984-702-9254
508,Jerrilyn,Luna,jlunae3@typepad.com,Male,747-228-5333
509,Tate,Baines,tbainese4@flavors.me,Male,746-835-2542
510,Ericka,Fairn,efairne5@gov.uk,Male,367-247-3930
511,Harli,Bosse,hbossee6@patch.com,Female,248-382-4669
512,Kaitlin,Wymer,kwymere7@washingtonpost.com,Male,862-247-1554
513,Leodora,Tatlock,ltatlocke8@archive.org,Female,201-188-5960
514,Riannon,O'Dooghaine,rodooghainee9@123-reg.co.uk,Male,817-797-1789
515,Joye,Terry,jterryea@unc.edu,Male,979-435-7926
516,Katharina,Dickon,kdickoneb@parallels.com,Female,423-436-5373
517,Jennette,Kyles,jkylesec@forbes.com,Non-binary,401-442-6851
518,Trudy,Inston,tinstoned@jigsy.com,Male,362-483-0534
519,Dulcy,Feast,dfeastee@skyrock.com,Female,929-792-2347
520,Dene,Entwisle,dentwisleef@wikispaces.com,Male,321-603-2695
521,Jacynth,Baterip,jbateripeg@thetimes.co.uk,Female,251-618-4218
522,Patrizius,Bapty,pbaptyeh@ebay.com,Female,340-356-6872
523,Dacey,Sloan,dsloanei@wsj.com,Female,585-814-3073
524,Loralee,Wake,lwakeej@flavors.me,Female,328-509-1072
525,Dario,Monini,dmoniniek@taobao.com,Male,774-290-0828
526,Dallas,Tupman,dtupmanel@buzzfeed.com,Female,408-428-3096
527,Abraham,Feeley,afeeleyem@feedburner.com,Female,327-220-7986
528,Krissy,Ambrogetti,kambrogettien@ustream.tv,Female,807-914-1663
529,Heath,McQuorkel,hmcquorkeleo@huffingtonpost.com,Female,591-489-1976
530,Shellysheldon,Felgat,sfelgatep@mapy.cz,Female,861-458-9454
531,Darnell,Bricham,dbrichameq@ebay.co.uk,Female,677-795-5418
532,Arlinda,Ollerearnshaw,aollerearnshawer@microsoft.com,Genderqueer,610-487-5571
533,Alfi,Jovic,ajovices@51.la,Male,279-920-7211
534,Janek,Feenan,jfeenanet@discuz.net,Female,245-681-6284
535,Gusella,Stork,gstorkeu@tamu.edu,Female,696-786-3104
536,Alphonse,Tremaine,atremaineev@ehow.com,Non-binary,933-595-6651
537,Alli,MacTrustram,amactrustramew@ihg.com,Male,406-409-8871
538,Warden,Harte,wharteex@liveinternet.ru,Female,249-352-6826
539,Correy,Jackett,cjackettey@columbia.edu,Male,174-961-9241
540,Yovonnda,Branchett,ybranchettez@dion.ne.jp,Female,679-973-5095
541,Davey,Fust,dfustf0@reference.com,Male,575-674-5649
542,Melli,Jonas,mjonasf1@networksolutions.com,Female,858-487-0600
543,Pepi,Abrami,pabramif2@icq.com,Male,693-723-2442
544,Corilla,Gillie,cgillief3@disqus.com,Male,677-253-0206
545,Joli,Yokelman,jyokelmanf4@google.co.jp,Female,269-173-1649
546,Christa,Caldes,ccaldesf5@skyrock.com,Female,523-885-6597
547,Win,Rumin,wruminf6@addtoany.com,Female,147-686-3094
548,Jaquelyn,Irvine,jirvinef7@zimbio.com,Male,218-706-5559
549,Luella,Spenton,lspentonf8@youtu.be,Female,717-424-4510
550,Lina,McBeath,lmcbeathf9@techcrunch.com,Female,244-299-5217
551,Jillayne,Stile,jstilefa@psu.edu,Male,421-308-1861
552,Liam,Sager,lsagerfb@globo.com,Agender,847-104-1550
553,Curcio,Jobson,cjobsonfc@spiegel.de,Female,789-726-5226
554,Gaby,Lyptrade,glyptradefd@blog.com,Male,672-195-8700
555,Byram,Delf,bdelffe@com.com,Female,605-603-3745
556,Bar,Pybworth,bpybworthff@altervista.org,Female,558-794-1799
557,Sarina,Roberts,srobertsfg@discuz.net,Female,975-202-4197
558,Katee,Poluzzi,kpoluzzifh@linkedin.com,Female,208-837-7257
559,Jacklin,Coursor,jcoursorfi@stumbleupon.com,Male,539-241-4050
560,Elyssa,Griggs,egriggsfj@unc.edu,Female,942-473-5987
561,Gasparo,Keneford,gkenefordfk@dion.ne.jp,Female,702-126-9623
562,Dionisio,Kuhlmey,dkuhlmeyfl@123-reg.co.uk,Female,406-255-2982
563,Tan,Sussans,tsussansfm@dion.ne.jp,Female,202-149-6941
564,Selie,Peakman,speakmanfn@noaa.gov,Polygender,612-323-4002
565,Loretta,Guidera,lguiderafo@shareasale.com,Polygender,835-326-7931
566,Gretna,Stanyforth,gstanyforthfp@dagondesign.com,Male,118-421-0765
567,Veronika,Rumsey,vrumseyfq@chicagotribune.com,Genderqueer,387-908-0030
568,Virgil,Huitt,vhuittfr@craigslist.org,Male,933-796-2676
569,Leah,Whenman,lwhenmanfs@icio.us,Male,148-729-8525
570,Bearnard,Fendlen,bfendlenft@va.gov,Female,967-273-7184
571,Haley,Peacher,hpeacherfu@themeforest.net,Female,269-618-1666
572,Gerik,Harburtson,gharburtsonfv@zimbio.com,Male,766-465-2175
573,Syman,Garret,sgarretfw@google.it,Female,705-242-2913
574,Matthew,Spitell,mspitellfx@bloomberg.com,Male,901-287-2413
575,Dall,Radleigh,dradleighfy@google.nl,Male,873-188-1274
576,Ossie,Ayars,oayarsfz@acquirethisname.com,Female,559-747-2855
577,Stephie,Ghioni,sghionig0@imageshack.us,Female,700-996-2705
578,Hanny,Chipchase,hchipchaseg1@state.gov,Male,999-246-7355
579,Sydel,Jarmain,sjarmaing2@printfriendly.com,Male,890-523-9926
580,Tanitansy,Roskelley,troskelleyg3@epa.gov,Genderqueer,188-783-0801
581,Kinsley,Wimbridge,kwimbridgeg4@nydailynews.com,Male,806-196-6689
582,Noble,Lotze,nlotzeg5@simplemachines.org,Male,775-843-5164
583,Hilly,Isaak,hisaakg6@themeforest.net,Female,590-660-2621
584,Sharona,Symones,ssymonesg7@weibo.com,Male,331-962-4671
585,Fernande,Roo,froog8@addtoany.com,Male,658-865-2833
586,Hilliary,Aleswell,haleswellg9@ameblo.jp,Male,126-704-5472
587,Genvieve,Molan,gmolanga@theatlantic.com,Female,366-940-1851
588,Tatiana,Ciobutaru,tciobutarugb@reuters.com,Male,960-279-0513
589,Iago,Elcock,ielcockgc@163.com,Male,922-219-2485
590,Marsiella,Tessyman,mtessymangd@google.es,Male,162-897-6021
591,Ingra,Cordero,icorderoge@mozilla.com,Male,521-950-6693
592,Eolande,Beeckx,ebeeckxgf@baidu.com,Female,564-530-2425
593,Mamie,Skehan,mskehangg@rakuten.co.jp,Female,872-109-9912
594,Sofia,Solan,ssolangh@technorati.com,Female,440-985-3061
595,Celesta,Chaplain,cchaplaingi@soup.io,Male,206-958-4780
596,Fergus,Tilley,ftilleygj@cdbaby.com,Male,359-983-1934
597,Enrique,Priestman,epriestmangk@unc.edu,Male,904-205-5149
598,Filia,Bellin,fbellingl@photobucket.com,Female,478-913-8023
599,Angus,Riley,arileygm@reverbnation.com,Female,205-192-1121
600,Selena,MacLaig,smaclaiggn@home.pl,Female,585-118-9536
601,Claretta,Blesli,cblesligo@un.org,Agender,817-439-4590
602,Shanan,Moller,smollergp@psu.edu,Male,146-778-5617
603,Sarina,Napolione,snapolionegq@wp.com,Female,805-305-5463
604,Thibaud,Nipper,tnippergr@washingtonpost.com,Female,997-270-2958
605,Serene,Reyner,sreynergs@amazonaws.com,Female,786-834-5607
606,Moishe,Durno,mdurnogt@answers.com,Male,351-796-8614
607,Roderic,Bly,rblygu@slideshare.net,Male,452-242-7644
608,Kenton,Cornfoot,kcornfootgv@fotki.com,Male,510-693-9909
609,Luke,Dicey,ldiceygw@theglobeandmail.com,Agender,226-228-3633
610,Stephi,Cockman,scockmangx@cbc.ca,Agender,123-575-8028
611,Egan,Whiteman,ewhitemangy@about.com,Non-binary,476-391-2753
612,Selene,Gasker,sgaskergz@mapy.cz,Female,949-385-6624
613,Jodie,Eede,jeedeh0@npr.org,Male,597-725-2993
614,Tera,Freckelton,tfreckeltonh1@w3.org,Genderqueer,874-633-2903
615,Valaree,Linney,vlinneyh2@godaddy.com,Male,467-979-8909
616,Neala,Cundict,ncundicth3@buzzfeed.com,Male,207-255-9865
617,Brnaby,Fields,bfieldsh4@noaa.gov,Male,255-859-4022
618,Drusie,Lasslett,dlassletth5@si.edu,Female,727-402-2525
619,Laney,Wolseley,lwolseleyh6@about.me,Female,394-132-9276
620,Rosanne,Balnaves,rbalnavesh7@rediff.com,Male,577-381-0832
621,Roth,Raspel,rraspelh8@merriam-webster.com,Female,825-346-0051
622,Golda,Luckcock,gluckcockh9@npr.org,Male,194-837-5054
623,Kala,Brammall,kbrammallha@ibm.com,Male,116-927-2676
624,Fields,Gonoude,fgonoudehb@reverbnation.com,Male,890-216-5360
625,Hyacinthie,Ashburner,hashburnerhc@psu.edu,Female,390-914-1962
626,Merrill,Kneaphsey,mkneaphseyhd@jalbum.net,Male,846-775-0785
627,Chrisse,Mattersey,cmatterseyhe@123-reg.co.uk,Female,925-243-6355
628,Giovanna,Denington,gdeningtonhf@elpais.com,Male,458-720-5444
629,Chip,MacCook,cmaccookhg@wikimedia.org,Male,779-291-7421
630,Abbi,Robins,arobinshh@disqus.com,Female,639-645-5360
631,Andrea,Lammert,alammerthi@hp.com,Female,477-836-0731
632,Timothea,McBean,tmcbeanhj@mtv.com,Female,761-724-5582
633,Kathryne,Arthars,kartharshk@unblog.fr,Male,940-900-9100
634,Melony,Bedson,mbedsonhl@google.ca,Female,307-197-0100
635,Sheffie,Honack,shonackhm@free.fr,Female,346-319-6833
636,Jacobo,Szymczyk,jszymczykhn@ucoz.ru,Female,538-538-5831
637,Hyacintha,De Carolis,hdecarolisho@chicagotribune.com,Male,664-384-9553
638,Francisca,Chaney,fchaneyhp@exblog.jp,Female,190-398-7793
639,Tobe,Tuley,ttuleyhq@ft.com,Male,567-175-0296
640,Trumaine,Flegg,tflegghr@nih.gov,Female,656-664-3695
641,Elyssa,Cardwell,ecardwellhs@businessinsider.com,Male,397-976-6365
642,Brock,Clouston,bcloustonht@mashable.com,Male,400-452-3816
643,Smith,MacPherson,smacphersonhu@qq.com,Female,949-550-4330
644,Donal,Calleja,dcallejahv@aboutads.info,Male,967-891-4683
645,Bunny,De Vile,bdevilehw@joomla.org,Female,461-621-2748
646,Lowe,Withnall,lwithnallhx@sphinn.com,Female,810-303-9460
647,Bert,Simony,bsimonyhy@last.fm,Male,914-511-6050
648,Ky,Bettridge,kbettridgehz@blogs.com,Male,689-623-9569
649,Bartholomeo,MacKeogh,bmackeoghi0@odnoklassniki.ru,Female,580-699-8098
650,August,Pitceathly,apitceathlyi1@latimes.com,Male,952-886-8631
651,Tawsha,Tottie,ttottiei2@guardian.co.uk,Male,526-574-1933
652,Maryann,Pennone,mpennonei3@cbsnews.com,Male,467-119-6566
653,Aylmar,Daniely,adanielyi4@cafepress.com,Male,798-454-6950
654,Gloria,Crimp,gcrimpi5@dagondesign.com,Female,945-236-8348
655,Alister,Goodfellowe,agoodfellowei6@mail.ru,Male,656-136-1138
656,Bernie,Garatty,bgarattyi7@cmu.edu,Male,842-499-8586
657,Carlynn,Brise,cbrisei8@hostgator.com,Male,505-193-4851
658,Madge,Peartree,mpeartreei9@taobao.com,Male,796-908-9581
659,Katuscha,Heys,kheysia@chron.com,Female,848-620-7427
660,Mallissa,Toulson,mtoulsonib@spiegel.de,Male,777-471-7901
661,Cecilio,Milkeham,cmilkehamic@webnode.com,Female,782-142-3802
662,Isabella,Bowley,ibowleyid@nbcnews.com,Female,176-461-2471
663,Maegan,Cecil,mcecilie@eepurl.com,Polygender,434-586-9974
664,Oralia,Hiorn,ohiornif@unesco.org,Female,636-339-3313
665,Margret,Sainte Paul,msaintepaulig@pen.io,Female,504-888-5742
666,Alessandra,Butting,abuttingih@spotify.com,Male,395-351-2305
667,Saloma,Pollington,spollingtonii@samsung.com,Male,643-602-3375
668,Bevon,Pieracci,bpieracciij@businesswire.com,Male,316-352-6136
669,Glad,Porter,gporterik@mapquest.com,Female,940-534-3797
670,Lynda,Humphries,lhumphriesil@moonfruit.com,Male,491-924-7147
671,Moria,Menat,mmenatim@virginia.edu,Male,964-333-7351
672,Nessy,Pinnocke,npinnockein@cornell.edu,Female,775-631-8509
673,Lin,Heibel,lheibelio@csmonitor.com,Agender,954-306-8779
674,Katalin,Dare,kdareip@narod.ru,Female,545-735-0309
675,Christy,Clemas,cclemasiq@msn.com,Male,112-197-7231
676,Jude,Maycock,jmaycockir@shinystat.com,Male,191-375-9575
677,Ellery,Coombs,ecoombsis@stumbleupon.com,Female,907-807-8856
678,Ajay,Genney,agenneyit@berkeley.edu,Genderqueer,225-654-4455
679,Gardy,Canner,gcanneriu@harvard.edu,Female,193-808-7548
680,Kinny,Strond,kstrondiv@fc2.com,Male,867-106-3144
681,Les,Jamson,ljamsoniw@huffingtonpost.com,Female,959-834-4427
682,Ivy,Batchelder,ibatchelderix@microsoft.com,Bigender,909-572-0726
683,Gilbertina,Hartegan,gharteganiy@printfriendly.com,Female,328-110-5881
684,Wilhelmina,Arnaut,warnautiz@google.co.jp,Male,416-330-8323
685,Roze,Neles,rnelesj0@deliciousdays.com,Female,799-245-1290
686,Derward,Stooke,dstookej1@marketwatch.com,Male,944-151-0424
687,Normand,Ingley,ningleyj2@stanford.edu,Female,723-290-7960
688,Teddy,Plessing,tplessingj3@mapy.cz,Genderqueer,574-636-8734
689,Cynthia,Chavey,cchaveyj4@purevolume.com,Female,677-592-5333
690,Leonerd,Baulch,lbaulchj5@answers.com,Female,883-152-6580
691,Bert,Hattersley,bhattersleyj6@statcounter.com,Male,391-721-0584
692,Rawley,Dorin,rdorinj7@arizona.edu,Female,908-918-8113
693,Chanda,Hanson,chansonj8@issuu.com,Genderqueer,477-900-8338
694,Frank,Wiggans,fwiggansj9@gov.uk,Agender,469-736-1311
695,Jaquenetta,Barkshire,jbarkshireja@constantcontact.com,Female,772-763-6786
696,Austin,Melato,amelatojb@oaic.gov.au,Polygender,546-754-4892
697,Zorine,Enterlein,zenterleinjc@51.la,Female,902-731-5218
698,Tandie,Rawnsley,trawnsleyjd@tumblr.com,Male,751-135-4922
699,Auria,James,ajamesje@ebay.co.uk,Male,380-578-2999
700,Demetra,Wickenden,dwickendenjf@who.int,Male,345-406-2140
701,Murielle,Babin,mbabinjg@w3.org,Male,503-262-5498
702,Teodoor,Dust,tdustjh@phoca.cz,Female,660-855-9954
703,Donall,Fairholm,dfairholmji@de.vu,Male,340-545-1516
704,Edmund,McPhater,emcphaterjj@bloglines.com,Female,239-269-7300
705,Ulrick,Iwanowski,uiwanowskijk@sourceforge.net,Female,301-573-1739
706,Timofei,Ruberry,truberryjl@theglobeandmail.com,Female,459-718-1267
707,Winonah,Hurling,whurlingjm@netvibes.com,Female,870-464-5811
708,Annamaria,Allner,aallnerjn@1688.com,Male,779-845-8341
709,Reynold,Younghusband,ryounghusbandjo@amazonaws.com,Female,537-759-5833
710,Peria,Berendsen,pberendsenjp@squarespace.com,Female,781-915-1019
711,Nichole,Mc Trusty,nmctrustyjq@myspace.com,Male,955-240-2232
712,Hasheem,Mullender,hmullenderjr@linkedin.com,Female,347-144-5010
713,Cornall,Luna,clunajs@berkeley.edu,Female,932-889-0877
714,Louella,Gabbetis,lgabbetisjt@addtoany.com,Female,397-802-8568
715,Ingunna,Gerlack,igerlackju@yandex.ru,Female,350-846-9756
716,Bobette,Ketchen,bketchenjv@nasa.gov,Male,383-439-5985
717,Nickolas,Pennock,npennockjw@mapquest.com,Male,704-167-2080
718,Jenine,Copp,jcoppjx@nationalgeographic.com,Female,811-457-2361
719,Benyamin,Rief,briefjy@drupal.org,Female,425-602-5847
720,Grier,Maxwaile,gmaxwailejz@hatena.ne.jp,Genderfluid,708-224-3844
721,Fidelity,Reiling,freilingk0@rambler.ru,Male,710-114-4200
722,Phylis,O'Hare,poharek1@dell.com,Female,766-773-7795
723,Chucho,Thoms,cthomsk2@fotki.com,Female,245-517-3864
724,Ilse,Finch,ifinchk3@usa.gov,Female,561-910-7865
725,Ellwood,Robardley,erobardleyk4@issuu.com,Male,191-522-4612
726,Devland,Lydden,dlyddenk5@sfgate.com,Female,862-124-4007
727,Merola,Sutlieff,msutlieffk6@bbc.co.uk,Male,783-820-5333
728,Meade,Thibodeaux,mthibodeauxk7@walmart.com,Female,921-298-6697
729,Gustie,Shurrocks,gshurrocksk8@bloglovin.com,Female,124-352-2800
730,Gabriellia,Charville,gcharvillek9@fc2.com,Male,282-402-1258
731,Kai,Taudevin,ktaudevinka@deliciousdays.com,Female,300-548-3626
732,Gage,Brennon,gbrennonkb@yelp.com,Female,538-339-0361
733,Joscelin,Udy,judykc@miitbeian.gov.cn,Female,598-465-7017
734,Blythe,Raeburn,braeburnkd@amazon.de,Female,950-944-0482
735,Dori,Dismore,ddismoreke@nsw.gov.au,Female,285-120-9974
736,Christian,Poxson,cpoxsonkf@biblegateway.com,Female,123-484-1152
737,Sander,Curzey,scurzeykg@artisteer.com,Female,426-448-7455
738,Tobit,Paulino,tpaulinokh@wordpress.com,Male,313-638-9483
739,Maryanna,Donovan,mdonovanki@themeforest.net,Male,373-983-2037
740,Saraann,Wontner,swontnerkj@wufoo.com,Male,883-816-3080
741,Darline,Duggleby,ddugglebykk@de.vu,Male,504-998-9512
742,Lucie,Read,lreadkl@godaddy.com,Male,113-393-2044
743,Nari,Caldaro,ncaldarokm@acquirethisname.com,Female,494-191-8458
744,Vidovic,Riddiough,vriddioughkn@zimbio.com,Male,474-889-6267
745,Damaris,Delahunt,ddelahuntko@toplist.cz,Bigender,401-369-9230
746,Austina,Birkenshaw,abirkenshawkp@a8.net,Female,273-591-8653
747,Eldredge,Tesseyman,etesseymankq@ed.gov,Female,753-428-3262
748,Georgeta,Willbond,gwillbondkr@sitemeter.com,Male,153-424-6729
749,Lexine,Gregoriou,lgregoriouks@senate.gov,Male,470-409-8045
750,Alvira,Fealy,afealykt@goo.gl,Male,844-834-2864
751,Joanna,Cardall,jcardallku@dailymail.co.uk,Male,175-500-5317
752,Rickie,Welman,rwelmankv@yolasite.com,Female,612-719-9869
753,Shelagh,Dunkerley,sdunkerleykw@latimes.com,Male,591-537-6630
754,Reine,Fidian,rfidiankx@goo.gl,Female,364-149-7133
755,Terri,Tottle,ttottleky@geocities.jp,Male,664-754-9650
756,Nola,Treske,ntreskekz@washington.edu,Bigender,634-599-2712
757,Hadlee,Bowland,hbowlandl0@prweb.com,Male,914-367-4221
758,Myles,Gogie,mgogiel1@soundcloud.com,Female,101-786-9022
759,Cherice,Balfe,cbalfel2@theguardian.com,Bigender,485-311-7671
760,Aldwin,Kubes,akubesl3@usda.gov,Male,615-355-6737
761,Wallache,Jeune,wjeunel4@europa.eu,Female,803-918-9412
762,Kara,Baudinet,kbaudinetl5@paginegialle.it,Male,382-463-4130
763,Caron,Saltsberger,csaltsbergerl6@facebook.com,Male,687-366-5193
764,Arlene,Aldcorn,aaldcornl7@ow.ly,Male,609-248-9170
765,Beltran,Dearnley,bdearnleyl8@ibm.com,Female,430-869-2293
766,Kip,Whatley,kwhatleyl9@google.cn,Male,182-411-8313
767,Amity,Helmke,ahelmkela@yandex.ru,Female,212-436-5940
768,Gerri,Lodwick,glodwicklb@vistaprint.com,Female,383-703-0692
769,Kettie,Tante,ktantelc@nsw.gov.au,Female,634-569-2321
770,Dinah,Imos,dimosld@mashable.com,Female,764-231-4978
771,Claiborne,Loding,clodingle@mtv.com,Male,289-835-4616
772,Justine,McNutt,jmcnuttlf@dion.ne.jp,Male,645-317-7099
773,Clemmy,Plitz,cplitzlg@blogger.com,Female,674-279-6361
774,Jeramie,Damrell,jdamrelllh@dailymotion.com,Male,586-581-8816
775,Bobbette,Nunes Nabarro,bnunesnabarroli@statcounter.com,Genderqueer,270-671-7404
776,Marius,Dunkerley,mdunkerleylj@apache.org,Female,520-112-5352
777,Amara,Mardling,amardlinglk@vinaora.com,Female,651-866-9010
778,Kattie,Lainge,klaingell@newsvine.com,Male,950-120-8273
779,Wendall,Mollene,wmollenelm@parallels.com,Female,544-953-0976
780,Franny,Waldock,fwaldockln@hexun.com,Male,852-996-6131
781,Darby,Mullender,dmullenderlo@seesaa.net,Male,597-280-5783
782,Glennis,Moan,gmoanlp@163.com,Male,124-801-6095
783,Terrill,Blewmen,tblewmenlq@craigslist.org,Female,148-696-9547
784,Kissie,Avramov,kavramovlr@ustream.tv,Polygender,944-860-2719
785,Trever,Sabater,tsabaterls@lulu.com,Male,631-622-9318
786,Patric,Christiensen,pchristiensenlt@amazon.de,Male,237-485-1446
787,Viviyan,Neising,vneisinglu@berkeley.edu,Polygender,662-432-2075
788,Bobbi,Doogan,bdooganlv@sphinn.com,Female,684-257-6989
789,Billie,Kyd,bkydlw@tripadvisor.com,Male,257-750-9781
790,Tamar,Gatteridge,tgatteridgelx@friendfeed.com,Male,954-502-6967
791,Fredia,Gauld,fgauldly@alibaba.com,Genderqueer,262-864-6436
792,Josi,Hansill,jhansilllz@abc.net.au,Male,741-627-5964
793,Gregorio,Sarjant,gsarjantm0@bing.com,Male,631-494-1137
794,Quinn,Philippou,qphilippoum1@usda.gov,Male,161-621-9340
795,Karin,Ure,kurem2@liveinternet.ru,Male,144-404-4508
796,Dorothea,Episcopi,depiscopim3@prnewswire.com,Male,966-749-8207
797,Oralle,Trethowan,otrethowanm4@cpanel.net,Male,135-732-3713
798,Lexi,Bitcheno,lbitchenom5@storify.com,Male,827-870-1973
799,Gayel,Lange,glangem6@cdbaby.com,Male,285-382-4594
800,Daffi,Morgon,dmorgonm7@123-reg.co.uk,Female,280-278-0036
801,Shauna,Neaves,sneavesm8@wsj.com,Female,425-348-1180
802,Marya,Pinnigar,mpinnigarm9@newyorker.com,Male,933-235-8752
803,Gail,Goulbourne,ggoulbournema@imageshack.us,Male,425-365-3932
804,Charleen,O'Sharkey,cosharkeymb@dailymotion.com,Male,341-767-6795
805,Jeth,Cottrill,jcottrillmc@cbc.ca,Female,570-526-7389
806,Gerty,Ventura,gventuramd@yandex.ru,Bigender,179-899-6640
807,Chickie,Mathet,cmathetme@foxnews.com,Male,279-733-4713
808,Janek,Andren,jandrenmf@howstuffworks.com,Female,374-625-5981
809,Adriaens,Lumbley,alumbleymg@accuweather.com,Male,335-723-0903
810,Kliment,Jacks,kjacksmh@state.tx.us,Female,412-553-1469
811,Hendrika,Waterland,hwaterlandmi@friendfeed.com,Male,679-665-1061
812,Caryl,Klimkovich,cklimkovichmj@usnews.com,Female,661-559-6646
813,Clarke,Coggon,ccoggonmk@multiply.com,Female,197-315-0574
814,Otis,Cleere,ocleereml@oaic.gov.au,Male,849-364-3097
815,Petronella,Elnor,pelnormm@ft.com,Non-binary,268-279-3877
816,Gloria,Ewart,gewartmn@weibo.com,Male,654-833-4146
817,Shay,Meachen,smeachenmo@nasa.gov,Male,461-976-5844
818,Verine,Mollnar,vmollnarmp@tamu.edu,Female,530-102-2598
819,Jackelyn,Houten,jhoutenmq@bandcamp.com,Male,606-161-5086
820,Manny,Kerridge,mkerridgemr@uiuc.edu,Female,161-186-4459
821,Thorsten,Cayet,tcayetms@npr.org,Female,537-333-6168
822,Marv,Cuddon,mcuddonmt@macromedia.com,Female,350-649-6871
823,Eva,Bissill,ebissillmu@ehow.com,Female,450-618-6613
824,Luigi,Nern,lnernmv@cbslocal.com,Female,236-972-1021
825,George,Dryden,gdrydenmw@disqus.com,Female,445-477-8880
826,Aurthur,Chandlar,achandlarmx@loc.gov,Male,330-747-2828
827,Serge,Gockeler,sgockelermy@google.cn,Female,417-149-1510
828,Chelsie,Potte,cpottemz@dagondesign.com,Female,505-322-4633
829,Garik,Danilchev,gdanilchevn0@nifty.com,Female,699-584-8938
830,Shaina,Sinfield,ssinfieldn1@answers.com,Male,985-112-6747
831,Catriona,Marden,cmardenn2@parallels.com,Male,155-775-7872
832,Ted,Leatham,tleathamn3@biblegateway.com,Female,174-933-5767
833,Allie,Wheldon,awheldonn4@pcworld.com,Male,668-562-9606
834,Ailey,Morteo,amorteon5@sogou.com,Female,209-927-8581
835,Freida,McVrone,fmcvronen6@apache.org,Female,542-840-4137
836,Teodoro,Wolfenden,twolfendenn7@globo.com,Male,384-829-6740
837,Albie,Bonevant,abonevantn8@ucla.edu,Female,846-459-9360
838,Babara,Mell,bmelln9@economist.com,Female,322-520-5360
839,Roscoe,Sommerling,rsommerlingna@pinterest.com,Female,795-427-8010
840,Lulu,McKean,lmckeannb@123-reg.co.uk,Female,924-176-1159
841,Ainsley,Fearey,afeareync@dropbox.com,Female,602-521-6307
842,Tricia,Pidon,tpidonnd@ovh.net,Female,923-352-9143
843,Alvan,Jorden,ajordenne@shutterfly.com,Female,643-791-6857
844,Karole,Taill,ktaillnf@purevolume.com,Male,884-171-8962
845,Lidia,Seiller,lseillerng@boston.com,Male,765-785-5965
846,Alisun,Philippet,aphilippetnh@dailymotion.com,Male,285-448-0743
847,Dorothy,Blaydon,dblaydonni@cargocollective.com,Female,407-258-9829
848,Michal,Perree,mperreenj@simplemachines.org,Female,328-195-7572
849,Nevin,Gaskins,ngaskinsnk@networksolutions.com,Female,679-966-9383
850,Fayette,Cruikshanks,fcruikshanksnl@engadget.com,Male,614-513-5821
851,Benjamen,Lesley,blesleynm@tinyurl.com,Female,142-987-2210
852,Sven,Yosselevitch,syosselevitchnn@adobe.com,Male,473-926-8903
853,Rosalinde,Grebert,rgrebertno@businessweek.com,Male,347-953-2707
854,Brandice,Minci,bmincinp@yellowbook.com,Male,374-108-0862
855,Brigitta,Burgill,bburgillnq@tinypic.com,Female,846-906-7620
856,Lynn,Goodlad,lgoodladnr@meetup.com,Male,407-240-6523
857,Theodosia,Mourant,tmourantns@guardian.co.uk,Male,514-892-0082
858,Suki,Gillespie,sgillespient@istockphoto.com,Genderqueer,397-630-1754
859,Salomone,Lowde,slowdenu@diigo.com,Female,334-195-0821
860,Josiah,Janusz,jjanusznv@un.org,Female,564-570-0972
861,Ramonda,Jarry,rjarrynw@redcross.org,Male,377-886-1643
862,Roddy,Joanic,rjoanicnx@prweb.com,Female,812-655-6595
863,Robenia,Gregolin,rgregolinny@cafepress.com,Female,539-961-6697
864,Claudelle,Dulson,cdulsonnz@hud.gov,Female,307-530-1549
865,Giavani,Mackriell,gmackriello0@spiegel.de,Male,285-454-3006
866,Ax,Peachman,apeachmano1@tripod.com,Male,380-267-8385
867,Lauren,Eslinger,leslingero2@salon.com,Female,782-527-0781
868,Dacie,Kennea,dkenneao3@github.com,Female,690-437-5390
869,Paulie,Matuszkiewicz,pmatuszkiewiczo4@prnewswire.com,Male,799-747-6448
870,Dorree,Barts,dbartso5@vinaora.com,Male,150-818-9369
871,Rees,Curgenven,rcurgenveno6@jiathis.com,Female,820-148-9472
872,Benedetta,Marousek,bmarouseko7@zimbio.com,Male,251-379-5353
873,Cicily,Storror,cstorroro8@reference.com,Female,750-179-6142
874,Alina,De Giorgi,adegiorgio9@liveinternet.ru,Female,943-595-2196
875,Gerardo,Freyne,gfreyneoa@bbb.org,Male,174-534-7677
876,Siegfried,Collard,scollardob@purevolume.com,Male,128-917-0264
877,Jerrie,Bisp,jbispoc@macromedia.com,Agender,168-655-3397
878,Hallsy,Fee,hfeeod@google.ca,Female,395-843-2735
879,Rooney,Tirte,rtirteoe@pbs.org,Female,226-907-7675
880,Cordie,Irvin,cirvinof@hibu.com,Male,134-970-4145
881,Honey,Croson,hcrosonog@slate.com,Female,752-402-0213
882,Shandra,Jorgensen,sjorgensenoh@themeforest.net,Female,756-893-8547
883,Alexis,Michiel,amichieloi@github.com,Female,233-575-0683
884,Lynnelle,Dumphy,ldumphyoj@oakley.com,Female,548-969-4938
885,Simonne,Flaune,sflauneok@wisc.edu,Male,476-302-9060
886,Blake,Minthorpe,bminthorpeol@google.fr,Female,534-351-2087
887,Luelle,Minot,lminotom@ycombinator.com,Male,848-712-2181
888,Kellsie,Roscamp,kroscampon@lulu.com,Female,219-704-4476
889,Caroline,Eberle,ceberleoo@stumbleupon.com,Female,877-252-8672
890,Tracie,Ungerer,tungererop@biblegateway.com,Female,993-351-4986
891,Carlye,Kittley,ckittleyoq@pcworld.com,Male,527-452-3447
892,Natalee,Corney,ncorneyor@gnu.org,Female,222-880-1890
893,Amble,McMechan,amcmechanos@bloomberg.com,Polygender,372-147-4973
894,Theo,Caghy,tcaghyot@nba.com,Female,842-180-0838
895,Julio,Gain,jgainou@xrea.com,Female,565-176-6785
896,Rodney,Elfe,relfeov@cdbaby.com,Male,694-705-1835
897,Paxon,Matskiv,pmatskivow@chronoengine.com,Female,201-126-8934
898,Rianon,Spender,rspenderox@sakura.ne.jp,Bigender,396-233-9206
899,Taffy,Mangion,tmangionoy@miibeian.gov.cn,Female,411-238-1937
900,Dael,Haslock(e),dhaslockeoz@usnews.com,Male,390-977-3503
901,Amalle,D'Alesco,adalescop0@godaddy.com,Male,394-390-6129
902,Josh,McErlaine,jmcerlainep1@who.int,Female,523-436-6377
903,Talyah,Roloff,troloffp2@spotify.com,Female,242-772-4905
904,Gavrielle,Dallyn,gdallynp3@woothemes.com,Male,382-428-9651
905,Opaline,Perot,operotp4@wp.com,Female,104-109-2868
906,Mirabel,McGunley,mmcgunleyp5@histats.com,Bigender,378-301-3046
907,Richmound,Mosson,rmossonp6@soup.io,Non-binary,783-905-5759
908,Theodora,Mankor,tmankorp7@tumblr.com,Female,873-785-2109
909,Blythe,Link,blinkp8@nps.gov,Male,115-458-6587
910,Sayer,MacNeice,smacneicep9@virginia.edu,Female,698-323-7093
911,Edythe,Skune,eskunepa@geocities.jp,Male,823-625-9364
912,Tulley,Defont,tdefontpb@dion.ne.jp,Female,545-132-2786
913,Yetta,Markovic,ymarkovicpc@vk.com,Male,522-621-6728
914,Maurice,Kirkby,mkirkbypd@macromedia.com,Female,898-959-7496
915,Donnie,Gladwin,dgladwinpe@plala.or.jp,Female,614-236-1037
916,Hersh,Hacquel,hhacquelpf@mapy.cz,Male,143-121-3676
917,Stormy,Rosenfarb,srosenfarbpg@elegantthemes.com,Bigender,218-931-7575
918,Beckie,Aupol,baupolph@tuttocitta.it,Male,446-413-2991
919,Arthur,Ortega,aortegapi@ca.gov,Male,382-264-5289
920,Karlotte,Skegg,kskeggpj@skype.com,Female,962-217-1061
921,Leicester,Corderoy,lcorderoypk@vistaprint.com,Male,613-738-9797
922,Eleanor,Tregent,etregentpl@google.com.hk,Genderfluid,916-639-6467
923,Aluin,Cluatt,acluattpm@jimdo.com,Male,940-767-1511
924,Garvey,Neads,gneadspn@eepurl.com,Female,893-751-5162
925,Des,Yousef,dyousefpo@constantcontact.com,Polygender,911-910-6560
926,Emerson,Mouncey,emounceypp@europa.eu,Female,678-562-5013
927,Jim,Blaber,jblaberpq@answers.com,Female,140-972-0621
928,Kendre,Harbor,kharborpr@php.net,Female,457-905-1533
929,Sylvan,Devin,sdevinps@cdbaby.com,Female,523-404-5618
930,Odille,Sheere,osheerept@zdnet.com,Male,162-553-3193
931,Annmaria,Ackred,aackredpu@pcworld.com,Bigender,498-647-4972
932,Thelma,Olenichev,tolenichevpv@cdbaby.com,Female,736-601-3916
933,Lora,Simm,lsimmpw@cbsnews.com,Female,259-432-2840
934,Courtney,Mazzeo,cmazzeopx@eepurl.com,Male,768-523-7949
935,Petronella,Shoreman,pshoremanpy@disqus.com,Male,788-730-5808
936,Jaye,Piesold,jpiesoldpz@is.gd,Male,182-190-3065
937,Lorianne,Gothard,lgothardq0@themeforest.net,Female,586-554-5296
938,Emilie,Clohisey,eclohiseyq1@dmoz.org,Female,114-500-8120
939,Bambie,Profit,bprofitq2@ft.com,Male,824-310-0131
940,Damien,Evitt,devittq3@yahoo.com,Male,850-768-5665
941,Alasdair,Eberz,aeberzq4@github.com,Female,960-700-0136
942,Peadar,Braden,pbradenq5@noaa.gov,Female,941-238-5995
943,Diannne,Sudddard,dsudddardq6@indiatimes.com,Bigender,448-273-1224
944,Garrott,Giorgetti,ggiorgettiq7@dropbox.com,Female,796-371-7907
945,Liza,Housiaux,lhousiauxq8@cam.ac.uk,Female,159-222-2439
946,Brigid,Karppi,bkarppiq9@guardian.co.uk,Male,312-159-2002
947,Stanford,Perigo,sperigoqa@youtube.com,Bigender,764-687-8024
948,Marve,Astle,mastleqb@squidoo.com,Female,907-538-8970
949,Rorie,Blencowe,rblencoweqc@google.it,Female,864-274-2222
950,Faustina,Svanetti,fsvanettiqd@indiatimes.com,Female,586-178-0734
951,Chloette,Girth,cgirthqe@csmonitor.com,Female,668-594-2842
952,Magdalen,Hacaud,mhacaudqf@wikimedia.org,Male,144-104-0108
953,Buck,Francescotti,bfrancescottiqg@apple.com,Female,487-356-7995
954,Emilee,Heselwood,eheselwoodqh@netscape.com,Female,494-679-5736
955,Derrick,Beininck,dbeininckqi@bloglovin.com,Genderfluid,908-375-7249
956,Estevan,McIlvoray,emcilvorayqj@bloomberg.com,Male,897-548-1575
957,Blondie,Keeney,bkeeneyqk@nytimes.com,Male,657-480-0766
958,Mason,Daybell,mdaybellql@sun.com,Bigender,356-795-0612
959,Stavro,Purvey,spurveyqm@w3.org,Female,564-883-6390
960,Barbaraanne,Motton,bmottonqn@pbs.org,Male,219-828-4145
961,Annetta,Losel,aloselqo@tamu.edu,Male,394-704-8278
962,Garrek,Phinn,gphinnqp@sogou.com,Male,116-741-9178
963,Elfreda,Newburn,enewburnqq@so-net.ne.jp,Male,195-465-6319
964,Timmi,Southwell,tsouthwellqr@gizmodo.com,Female,684-295-3677
965,Garrek,Sheppey,gsheppeyqs@dailymotion.com,Male,256-345-9087
966,Janice,Breede,jbreedeqt@ask.com,Female,387-558-6807
967,Garwood,Londors,glondorsqu@hao123.com,Male,176-276-2853
968,Jarrett,Avent,javentqv@msu.edu,Male,778-613-7316
969,Abbie,Mapes,amapesqw@seesaa.net,Female,802-727-1808
970,Teodor,Pearcy,tpearcyqx@surveymonkey.com,Female,467-401-0671
971,Craggy,Halsworth,chalsworthqy@php.net,Female,456-375-6657
972,Val,Kenan,vkenanqz@php.net,Female,362-594-3121
973,Kettie,Patrick,kpatrickr0@ftc.gov,Genderfluid,662-630-6365
974,Lorene,Fantin,lfantinr1@irs.gov,Male,248-341-6989
975,Rudolf,O'Carran,rocarranr2@ezinearticles.com,Female,136-920-2400
976,Merl,Norgate,mnorgater3@sourceforge.net,Male,887-249-4636
977,Renault,Pisculli,rpiscullir4@sphinn.com,Male,441-550-7605
978,Beatrix,Marc,bmarcr5@delicious.com,Female,153-102-7772
979,Dalenna,Barsam,dbarsamr6@xing.com,Male,407-107-8078
980,Georgiana,Maha,gmahar7@spiegel.de,Female,535-582-8151
981,Joanne,Myers,jmyersr8@oaic.gov.au,Male,442-167-3786
982,Yorker,Brito,ybritor9@deliciousdays.com,Male,390-895-9093
983,Geoffrey,Gawkes,ggawkesra@netvibes.com,Female,261-427-6731
984,Franky,Rainford,frainfordrb@dagondesign.com,Male,250-160-8483
985,Eadith,Kirmond,ekirmondrc@weibo.com,Male,525-161-9126
986,Nicky,Willgoose,nwillgooserd@tiny.cc,Female,727-750-5888
987,Korie,Pethick,kpethickre@hexun.com,Genderqueer,976-919-6744
988,Gregorio,MacKellar,gmackellarrf@ask.com,Female,580-793-9657
989,Windham,Quayle,wquaylerg@linkedin.com,Female,714-275-8938
990,Otes,MacCaig,omaccaigrh@skype.com,Female,826-840-9525
991,Stinky,Fasse,sfasseri@sfgate.com,Polygender,369-487-4202
992,Mikaela,Murphy,mmurphyrj@soup.io,Male,803-417-0835
993,Stefa,Imloch,simlochrk@tamu.edu,Female,171-432-1059
994,Hatty,Oiseau,hoiseaurl@amazon.com,Genderqueer,513-271-8196
995,Hammad,Oxterby,hoxterbyrm@auda.org.au,Female,542-177-7297
996,Luce,Pitchford,lpitchfordrn@shareasale.com,Female,795-751-9945
997,Vinny,Itzhak,vitzhakro@parallels.com,Female,142-491-8562
998,Rina,Lonnon,rlonnonrp@geocities.jp,Male,761-671-2445
999,Arney,Standish,astandishrq@tmall.com,Female,227-571-8054
1000,Reube,Humbie,rhumbierr@china.com.cn,Male,321-332-4984